name,address
James,Tennessee
John,Vermont
Robert,Mississippi
Michael,Virginia
Mary,New Hampshire
William,South Carolina
David,New Jersey
Richard,Virginia
Charles,Mississippi
Joseph,South Carolina
Thomas,New Jersey
Patricia,Tennessee
Christopher,Connecticut
Linda,West Virginia
Barbara,Mississippi
Daniel,Lousiana
Paul,New Jersey
Mark,Tennessee
Elizabeth,Ohio
Donald,Florida
Jennifer,Lousiana
George,Maryland
Maria,New York
Kenneth,Vermont
Susan,Maryland
Steven,Pennsylvania
Edward,Kentucky
Margaret,New Jersey
Brian,Pennsylvania
Ronald,Rhode Island
Dorothy,Mississippi
Anthony,North Carolina
Lisa,Massachusetts
Kevin,South Carolina
Nancy,South Carolina
Karen,Massachusetts
Betty,Vermont
Helen,West Virginia
Jason,Maryland
Matthew,South Carolina
Gary,Tennessee
Timothy,Pennsylvania
Sandra,Connecticut
Jose,Florida
Larry,New Jersey
Jeffrey,Lousiana
Frank,Rhode Island
Donna,West Virginia
Carol,Maryland
Ruth,Kentucky
Scott,Ohio
Eric,North Carolina
Stephen,Alabama
Andrew,New York
Sharon,Iowa
Michelle,Connecticut
Laura,Pennsylvania
Sarah,New Hampshire
Kimberly,South Carolina
Deborah,New York
Jessica,Iowa
Raymond,Alabama
Shirley,Lousiana
Cynthia,Pennsylvania
Angela,Delaware
Melissa,Ohio
Brenda,West Virginia
Amy,Vermont
Jerry,South Carolina
Gregory,New Jersey
Anna,Maine
Joshua,Lousiana
Virginia,Mississippi
Rebecca,Vermont
Kathleen,Kentucky
Dennis,North Carolina
Pamela,Tennessee
Martha,Connecticut
Debra,Georgia
Amanda,South Carolina
Walter,Florida
Stephanie,Connecticut
Willie,Ohio
Patrick,Delaware
Terry,Florida
Carolyn,Rhode Island
Peter,Iowa
Christine,West Virginia
Marie,Virginia
Janet,New York
Frances,New Jersey
Catherine,Maryland
Harold,Connecticut
Henry,Pennsylvania
Douglas,Florida
Joyce,Iowa
Ann,Rhode Island
Diane,Mississippi
Alice,Tennessee
Jean,New Hampshire
Julie,Connecticut
Carl,North Carolina
Kelly,Ohio
Heather,Massachusetts
Arthur,Rhode Island
Teresa,Mississippi
Gloria,Iowa
Doris,Mississippi
Ryan,Kentucky
Joe,Maryland
Roger,New Jersey
Evelyn,New Hampshire
Juan,Virginia
Ashley,Alabama
Jack,New Hampshire
Cheryl,New Hampshire
Albert,Tennessee
Joan,Massachusetts
Mildred,North Carolina
Katherine,Vermont
Justin,Iowa
Jonathan,South Carolina
Gerald,Iowa
Keith,Ohio
Samuel,New Hampshire
Judith,Connecticut
Rose,Lousiana
Janice,Alabama
Lawrence,Tennessee
Ralph,Lousiana
Nicole,Alabama
Judy,Maryland
Nicholas,Virginia
Christina,Lousiana
Roy,New Hampshire
Kathy,New York
Theresa,Pennsylvania
Benjamin,West Virginia
Beverly,Massachusetts
Denise,Tennessee
Bruce,Tennessee
Brandon,Connecticut
Adam,New Hampshire
Tammy,Tennessee
Irene,Kentucky
Fred,West Virginia
Billy,Tennessee
Harry,Florida
Jane,Mississippi
Wayne,New Hampshire
Louis,Pennsylvania
Lori,Iowa
Steve,South Carolina
Tracy,South Carolina
Jeremy,Alabama
Rachel,West Virginia
Andrea,Maine
Aaron,New York
Marilyn,Georgia
Robin,Massachusetts
Randy,New Jersey
Leslie,Iowa
Kathryn,Ohio
Eugene,Georgia
Bobby,Rhode Island
Howard,Kentucky
Carlos,Vermont
Sara,Ohio
Louise,West Virginia
Jacqueline,Mississippi
Anne,Mississippi
Wanda,Pennsylvania
Russell,West Virginia
Shawn,West Virginia
Victor,Delaware
Julia,Vermont
Bonnie,Lousiana
Ruby,Vermont
Chris,Lousiana
Tina,Pennsylvania
Lois,Rhode Island
Phyllis,Maine
Jamie,Iowa
Norma,Maryland
Martin,Vermont
Paula,Rhode Island
Jesse,Florida
Diana,Maryland
Annie,West Virginia
Shannon,Virginia
Ernest,Virginia
Todd,South Carolina
Phillip,Alabama
Lee,Rhode Island
Lillian,New Hampshire
Peggy,Connecticut
Emily,Florida
Crystal,Rhode Island
Kim,Mississippi
Craig,Connecticut
Carmen,Virginia
Gladys,New Hampshire
Connie,Massachusetts
Rita,Connecticut
Alan,Georgia
Dawn,Pennsylvania
Florence,Ohio
Dale,South Carolina
Sean,North Carolina
Francis,Alabama
Johnny,Mississippi
Clarence,New Hampshire
Philip,Connecticut
Edna,North Carolina
Tiffany,Pennsylvania
Tony,Iowa
Rosa,Connecticut
Jimmy,Alabama
Earl,Pennsylvania
Cindy,Massachusetts
Antonio,Pennsylvania
Luis,Connecticut
Mike,Alabama
Danny,Massachusetts
Bryan,Iowa
Grace,Maryland
Stanley,Georgia
Leonard,Georgia
Wendy,Ohio
Nathan,Virginia
Manuel,Maryland
Curtis,Alabama
Victoria,North Carolina
Rodney,New Hampshire
Norman,New York
Edith,Massachusetts
Sherry,Maryland
Sylvia,Rhode Island
Josephine,Lousiana
Allen,Rhode Island
Thelma,New Jersey
Sheila,Maine
Ethel,New Jersey
Marjorie,Massachusetts
Lynn,Georgia
Ellen,South Carolina
Elaine,Tennessee
Marvin,New Jersey
Carrie,Iowa
Marion,Rhode Island
Charlotte,Maryland
Vincent,Maine
Glenn,Pennsylvania
Travis,Vermont
Monica,New Jersey
Jeffery,North Carolina
Jeff,Mississippi
Esther,Maine
Pauline,New Jersey
Jacob,Pennsylvania
Emma,New York
Chad,Tennessee
Kyle,New York
Juanita,West Virginia
Dana,New Hampshire
Melvin,New York
Jessie,Connecticut
Rhonda,Connecticut
Anita,Alabama
Alfred,New Hampshire
Hazel,Connecticut
Amber,Georgia
Eva,Tennessee
Bradley,Lousiana
Ray,New York
Jesus,Kentucky
Debbie,Mississippi
Herbert,Iowa
Eddie,Mississippi
Joel,Florida
Frederick,Connecticut
April,West Virginia
Lucille,New Hampshire
Clara,New Hampshire
Gail,Florida
Joanne,Florida
Eleanor,Lousiana
Valerie,Maine
Danielle,Maine
Erin,Mississippi
Edwin,Kentucky
Megan,Alabama
Alicia,Ohio
Suzanne,Iowa
Michele,Florida
Don,Maine
Bertha,Lousiana
Veronica,New York
Jill,Georgia
Darlene,West Virginia
Ricky,New York
Lauren,Mississippi
Geraldine,New York
Troy,Massachusetts
Stacy,Iowa
Randall,North Carolina
Cathy,Connecticut
Joann,Vermont
Sally,North Carolina
Lorraine,Rhode Island
Barry,Maryland
Alexander,Massachusetts
Regina,Rhode Island
Jackie,Maryland
Erica,Maryland
Beatrice,Alabama
Dolores,Pennsylvania
Bernice,Ohio
Mario,Lousiana
Bernard,West Virginia
Audrey,South Carolina
Yvonne,New York
Francisco,Maine
Micheal,South Carolina
Leroy,South Carolina
June,Virginia
Annette,New York
Samantha,North Carolina
Marcus,North Carolina
Theodore,Vermont
Oscar,Tennessee
Clifford,Mississippi
Miguel,Mississippi
Jay,Florida
Renee,West Virginia
Ana,New Hampshire
Vivian,Georgia
Jim,New York
Ida,Florida
Tom,Virginia
Ronnie,Delaware
Roberta,Kentucky
Holly,Tennessee
Brittany,New Jersey
Angel,Lousiana
Alex,Mississippi
Melanie,Rhode Island
Jon,Vermont
Yolanda,Tennessee
Tommy,Florida
Loretta,Delaware
Jeanette,Georgia
Calvin,Rhode Island
Laurie,Virginia
Leon,New Jersey
Katie,Connecticut
Stacey,Kentucky
Lloyd,Florida
Derek,New Hampshire
Bill,Ohio
Vanessa,Vermont
Sue,North Carolina
Kristen,Kentucky
Alma,Rhode Island
Warren,Georgia
Elsie,Kentucky
Beth,Iowa
Vicki,Massachusetts
Jeanne,Maryland
Jerome,Pennsylvania
Darrell,New Hampshire
Tara,Georgia
Rosemary,Mississippi
Leo,Virginia
Floyd,New Hampshire
Dean,Pennsylvania
Carla,North Carolina
Wesley,Rhode Island
Terri,New York
Eileen,Maine
Courtney,Maine
Alvin,South Carolina
Tim,South Carolina
Jorge,Maryland
Greg,Georgia
Gordon,Florida
Pedro,West Virginia
Lucy,Massachusetts
Gertrude,Kentucky
Dustin,Connecticut
Derrick,New York
Corey,Tennessee
Tonya,Rhode Island
Dan,North Carolina
Ella,New Jersey
Lewis,Tennessee
Zachary,Ohio
Wilma,Pennsylvania
Maurice,Pennsylvania
Kristin,Mississippi
Gina,New Hampshire
Vernon,New York
Vera,Tennessee
Roberto,Tennessee
Natalie,Lousiana
Clyde,Maryland
Agnes,Massachusetts
Herman,West Virginia
Charlene,Rhode Island
Charlie,New York
Bessie,Iowa
Shane,Rhode Island
Delores,Alabama
Sam,Rhode Island
Pearl,Georgia
Melinda,New Hampshire
Hector,Maryland
Glen,Kentucky
Arlene,Kentucky
Ricardo,Mississippi
Tamara,North Carolina
Maureen,Massachusetts
Lester,West Virginia
Gene,Virginia
Colleen,Maryland
Allison,Ohio
Tyler,Florida
Rick,Maryland
Joy,West Virginia
Johnnie,North Carolina
Georgia,Kentucky
Constance,New Hampshire
Ramon,Iowa
Marcia,New Hampshire
Lillie,Maryland
Claudia,Rhode Island
Brent,Maine
Tanya,Tennessee
Nellie,West Virginia
Minnie,New Hampshire
Gilbert,West Virginia
Marlene,Maryland
Heidi,Lousiana
Glenda,Tennessee
Marc,Iowa
Viola,West Virginia
Marian,Tennessee
Lydia,Georgia
Billie,North Carolina
Stella,New Hampshire
Guadalupe,Virginia
Caroline,Tennessee
Reginald,Florida
Dora,Florida
Jo,Mississippi
Cecil,South Carolina
Casey,Georgia
Brett,Maine
Vickie,Massachusetts
Ruben,Pennsylvania
Jaime,Vermont
Rafael,Rhode Island
Nathaniel,Georgia
Mattie,Vermont
Milton,New Jersey
Edgar,Maine
Raul,West Virginia
Maxine,New Hampshire
Irma,New Hampshire
Myrtle,Lousiana
Marsha,Kentucky
Mabel,Massachusetts
Chester,Tennessee
Ben,Kentucky
Andre,New York
Adrian,Delaware
Lena,New Jersey
Franklin,Maryland
Duane,North Carolina
Christy,Virginia
Tracey,New Jersey
Patsy,Vermont
Gabriel,Florida
Deanna,Connecticut
Jimmie,Delaware
Hilda,Maine
Elmer,Ohio
Christian,Kentucky
Bobbie,Connecticut
Gwendolyn,New Jersey
Nora,Vermont
Mitchell,Georgia
Jennie,Ohio
Brad,Virginia
Ron,Rhode Island
Roland,Vermont
Nina,Vermont
Margie,Tennessee
Leah,New York
Harvey,Iowa
Cory,South Carolina
Cassandra,Iowa
Arnold,Connecticut
Priscilla,Massachusetts
Penny,Maine
Naomi,Vermont
Kay,Connecticut
Karl,Delaware
Jared,Alabama
Carole,North Carolina
Olga,Iowa
Jan,Iowa
Brandy,Lousiana
Lonnie,Massachusetts
Leona,Rhode Island
Dianne,Massachusetts
Claude,Vermont
Sonia,Alabama
Jordan,Virginia
Jenny,Lousiana
Felicia,Rhode Island
Erik,New York
Lindsey,New Hampshire
Kerry,Ohio
Darryl,Alabama
Velma,West Virginia
Neil,North Carolina
Miriam,Delaware
Becky,Tennessee
Violet,Florida
Kristina,Massachusetts
Javier,Massachusetts
Fernando,Virginia
Cody,Kentucky
Clinton,Maine
Tyrone,Ohio
Toni,Kentucky
Ted,Massachusetts
Rene,West Virginia
Mathew,Rhode Island
Lindsay,South Carolina
Julio,Maine
Darren,Ohio
Misty,Alabama
Mae,Virginia
Lance,Delaware
Sherri,Pennsylvania
Shelly,Ohio
Sandy,Maryland
Ramona,Iowa
Pat,Alabama
Kurt,North Carolina
Jody,Tennessee
Daisy,Delaware
Nelson,Lousiana
Katrina,Massachusetts
Erika,North Carolina
Claire,Alabama
Allan,Georgia
Hugh,Vermont
Guy,South Carolina
Clayton,Maryland
Sheryl,New York
Max,New Jersey
Margarita,Rhode Island
Geneva,Rhode Island
Dwayne,Rhode Island
Belinda,North Carolina
Felix,Delaware
Faye,Kentucky
Dwight,Connecticut
Cora,Tennessee
Armando,Pennsylvania
Sabrina,Rhode Island
Natasha,Pennsylvania
Isabel,Alabama
Everett,Ohio
Ada,South Carolina
Wallace,New Hampshire
Sidney,Alabama
Marguerite,Tennessee
Ian,Massachusetts
Hattie,Delaware
Harriet,New Hampshire
Rosie,Kentucky
Molly,New York
Kristi,Alabama
Ken,New York
Joanna,Maryland
Iris,Maryland
Cecilia,Pennsylvania
Brandi,New Hampshire
Bob,New Jersey
Blanche,Ohio
Julian,New York
Eunice,Virginia
Angie,Mississippi
Alfredo,New Hampshire
Lynda,Kentucky
Ivan,Lousiana
Inez,South Carolina
Freddie,Vermont
Dave,Massachusetts
Alberto,Mississippi
Madeline,New York
Daryl,Virginia
Byron,Connecticut
Amelia,Maine
Alberta,Massachusetts
Sonya,Lousiana
Perry,Alabama
Morris,New Hampshire
Monique,Lousiana
Maggie,Alabama
Kristine,Vermont
Kayla,Maine
Jodi,Ohio
Janie,Georgia
Isaac,Pennsylvania
Genevieve,West Virginia
Candace,Iowa
Yvette,Connecticut
Willard,Connecticut
Whitney,North Carolina
Virgil,Kentucky
Ross,Ohio
Opal,Georgia
Melody,Ohio
Maryann,South Carolina
Marshall,Mississippi
Fannie,New Hampshire
Clifton,Florida
Alison,Pennsylvania
Susie,Lousiana
Shelley,Iowa
Sergio,Connecticut
Salvador,Virginia
Olivia,Georgia
Luz,Tennessee
Kirk,West Virginia
Flora,New Jersey
Andy,New Hampshire
Verna,Georgia
Terrance,Maine
Seth,West Virginia
Mamie,Iowa
Lula,Iowa
Lola,Maine
Kristy,Ohio
Kent,Lousiana
Beulah,Georgia
Antoinette,Vermont
Terrence,Alabama
Gayle,Pennsylvania
Eduardo,Mississippi
Pam,Maine
Kelli,Delaware
Juana,Ohio
Joey,New Hampshire
Jeannette,Maryland
Enrique,Lousiana
Donnie,Kentucky
Candice,Florida
Wade,North Carolina
Hannah,New York
Frankie,Mississippi
Bridget,Lousiana
Austin,New York
Stuart,Pennsylvania
Karla,Lousiana
Evan,Pennsylvania
Celia,New Hampshire
Vicky,New Hampshire
Shelia,Massachusetts
Patty,Tennessee
Nick,New Hampshire
Lynne,South Carolina
Luther,Rhode Island
Latoya,West Virginia
Fredrick,New Hampshire
Della,New Jersey
Arturo,South Carolina
Alejandro,Virginia
Wendell,Vermont
Sheri,North Carolina
Marianne,Tennessee
Julius,Delaware
Jeremiah,Pennsylvania
Shaun,New Jersey
Otis,Virginia
Kara,Vermont
Jacquelyn,Pennsylvania
Erma,North Carolina
Blanca,Connecticut
Angelo,Iowa
Alexis,Connecticut
Trevor,New Jersey
Roxanne,South Carolina
Oliver,Maryland
Myra,Iowa
Morgan,Alabama
Luke,Florida
Leticia,New Jersey
Krista,North Carolina
Homer,Iowa
Gerard,Alabama
Doug,Kentucky
Cameron,Connecticut
Sadie,Virginia
Rosalie,Lousiana
Robyn,South Carolina
Kenny,Lousiana
Ira,Pennsylvania
Hubert,Virginia
Brooke,Lousiana
Bethany,West Virginia
Bernadette,New Hampshire
Bennie,Delaware
Antonia,Tennessee
Angelica,South Carolina
Alexandra,Tennessee
Adrienne,Lousiana
Traci,Ohio
Rachael,Vermont
Nichole,Ohio
Muriel,Massachusetts
Matt,Delaware
Mable,Georgia
Lyle,Florida
Laverne,New Hampshire
Kendra,Tennessee
Jasmine,Mississippi
Ernestine,Maryland
Chelsea,West Virginia
Alfonso,Alabama
Rex,West Virginia
Orlando,New Jersey
Ollie,South Carolina
Neal,Massachusetts
Marcella,Ohio
Loren,Maine
Krystal,New York
Ernesto,Tennessee
Elena,Virginia
Carlton,Maine
Blake,Maine
Angelina,Maine
Wilbur,Georgia
Taylor,South Carolina
Shelby,Kentucky
Rudy,Vermont
Roderick,Rhode Island
Paulette,Maine
Pablo,Lousiana
Omar,Maine
Noel,Mississippi
Nadine,South Carolina
Lorenzo,Georgia
Lora,Maine
Leigh,Maryland
Kari,Ohio
Horace,Georgia
Grant,Georgia
Estelle,Delaware
Dianna,New Hampshire
Willis,Connecticut
Rosemarie,Virginia
Rickey,Tennessee
Mona,New York
Kelley,Maryland
Doreen,New Jersey
Desiree,Lousiana
Abraham,Pennsylvania
Rudolph,Tennessee
Preston,New York
Malcolm,Tennessee
Kelvin,Ohio
Johnathan,Florida
Janis,Connecticut
Hope,Kentucky
Ginger,West Virginia
Freda,Pennsylvania
Damon,Connecticut
Christie,Florida
Cesar,Mississippi
Betsy,New Jersey
Andres,Virginia
Wm,Pennsylvania
Tommie,New Jersey
Teri,Rhode Island
Robbie,Maine
Meredith,Tennessee
Mercedes,Ohio
Marco,New Hampshire
Lynette,Kentucky
Eula,Iowa
Cristina,Connecticut
Archie,South Carolina
Alton,North Carolina
Sophia,Iowa
Rochelle,Vermont
Randolph,North Carolina
Pete,South Carolina
Merle,Florida
Meghan,Alabama
Jonathon,Alabama
Gretchen,Mississippi
Gerardo,Massachusetts
Geoffrey,Maine
Garry,Vermont
Felipe,Pennsylvania
Eloise,Mississippi
Ed,Maryland
Dominic,Connecticut
Devin,Kentucky
Cecelia,South Carolina
Carroll,Ohio
Raquel,Delaware
Lucas,New Jersey
Jana,Maryland
Henrietta,Tennessee
Gwen,Connecticut
Guillermo,Rhode Island
Earnest,New York
Delbert,Massachusetts
Colin,Connecticut
Alyssa,Virginia
Tricia,Maine
Tasha,Lousiana
Spencer,Connecticut
Rodolfo,Lousiana
Olive,Mississippi
Myron,New Hampshire
Jenna,Tennessee
Edmund,Connecticut
Cleo,Maryland
Benny,Connecticut
Sophie,Delaware
Sonja,Connecticut
Silvia,West Virginia
Salvatore,Ohio
Patti,South Carolina
Mindy,Massachusetts
May,Pennsylvania
Mandy,Florida
Lowell,Pennsylvania
Lorena,Delaware
Lila,Connecticut
Lana,Massachusetts
Kellie,Pennsylvania
Kate,Vermont
Jewel,West Virginia
Gregg,Lousiana
Garrett,Tennessee
Essie,Florida
Elvira,Connecticut
Delia,Rhode Island
Darla,New Hampshire
Cedric,Maine
Wilson,Vermont
Sylvester,Georgia
Sherman,Massachusetts
Shari,Iowa
Roosevelt,New York
Miranda,New York
Marty,Florida
Marta,Delaware
Lucia,Virginia
Lorene,Ohio
Lela,Connecticut
Josefina,Lousiana
Johanna,Georgia
Jermaine,New Jersey
Jeannie,Georgia
Israel,Iowa
Faith,Iowa
Elsa,South Carolina
Dixie,West Virginia
Camille,Tennessee
Winifred,Kentucky
Wilbert,North Carolina
Tami,Alabama
Tabitha,North Carolina
Shawna,Maryland
Rena,Virginia
Ora,Alabama
Nettie,Rhode Island
Melba,Massachusetts
Marina,Florida
Leland,Florida
Kristie,Tennessee
Forrest,Florida
Elisa,Georgia
Ebony,West Virginia
Alisha,North Carolina
Aimee,South Carolina
Tammie,Lousiana
Simon,Lousiana
Sherrie,Connecticut
Sammy,Alabama
Ronda,Maryland
Patrice,Maine
Owen,New Hampshire
Myrna,Florida
Marla,Rhode Island
Latasha,New Jersey
Irving,Rhode Island
Dallas,Alabama
Clark,North Carolina
Bryant,Maryland
Bonita,Mississippi
Aubrey,Maine
Addie,West Virginia
Woodrow,Maine
Stacie,Mississippi
Rufus,South Carolina
Rosario,New Hampshire
Rebekah,Rhode Island
Marcos,Iowa
Mack,Connecticut
Lupe,South Carolina
Lucinda,West Virginia
Lou,Rhode Island
Levi,Connecticut
Laurence,Georgia
Kristopher,New Jersey
Jewell,West Virginia
Jake,Massachusetts
Gustavo,Iowa
Francine,Rhode Island
Ellis,Lousiana
Drew,Alabama
Dorthy,West Virginia
Deloris,Maine
Cheri,Florida
Celeste,New York
Cara,Connecticut
Adriana,Georgia
Adele,Alabama
Abigail,South Carolina
Trisha,Alabama
Trina,Maine
Tracie,Virginia
Sallie,Lousiana
Reba,New Jersey
Orville,Florida
Nikki,Pennsylvania
Nicolas,Vermont
Marissa,South Carolina
Lourdes,Vermont
Lottie,Georgia
Lionel,Alabama
Lenora,North Carolina
Laurel,Vermont
Kerri,Mississippi
Kelsey,Lousiana
Karin,Iowa
Josie,Rhode Island
Janelle,New Jersey
Ismael,Alabama
Helene,New Jersey
Gilberto,Pennsylvania
Gale,South Carolina
Francisca,Pennsylvania
Fern,Rhode Island
Etta,Pennsylvania
Estella,Mississippi
Elva,Virginia
Effie,Maine
Dominique,Lousiana
Corinne,Kentucky
Clint,Iowa
Brittney,West Virginia
Aurora,Massachusetts
Wilfred,New York
Tomas,Rhode Island
Toby,New Hampshire
Sheldon,Vermont
Santos,Kentucky
Maude,Mississippi
Lesley,Alabama
Josh,Georgia
Jenifer,Lousiana
Iva,Vermont
Ingrid,Ohio
Ina,New Hampshire
Ignacio,South Carolina
Hugo,Delaware
Goldie,Connecticut
Eugenia,Florida
Ervin,Vermont
Erick,Georgia
Elisabeth,New York
Dewey,Pennsylvania
Christa,Lousiana
Cassie,Maryland
Cary,South Carolina
Caleb,West Virginia
Caitlin,Kentucky
Bettie,Tennessee
Al,Massachusetts
Aida,Rhode Island
Van,Florida
Therese,Alabama
Terence,South Carolina
Tamika,New Hampshire
Stewart,New Jersey
Santiago,Alabama
Rosetta,Maine
Rogelio,North Carolina
Ramiro,Iowa
Polly,Maine
Noah,New Jersey
Lorna,Maine
Latonya,Maine
Kris,Pennsylvania
Janette,Florida
Elias,Mississippi
Elbert,Maryland
Doyle,Mississippi
Dina,Iowa
Dena,Pennsylvania
Debora,Maine
Darrel,Ohio
Darnell,Massachusetts
Consuelo,Massachusetts
Conrad,West Virginia
Cherie,New Jersey
Carey,New York
Candy,Pennsylvania
Bert,Massachusetts
Alonzo,Ohio
Trudy,Alabama
Terrell,Mississippi
Stefanie,Virginia
Shanna,Pennsylvania
Rolando,New Jersey
Phil,Rhode Island
Percy,Iowa
Patrica,Massachusetts
Nell,Virginia
Lamar,Georgia
Kimberley,Florida
Jillian,Delaware
Helena,North Carolina
Grady,West Virginia
Fay,New York
Esperanza,Tennessee
Dorothea,Pennsylvania
Dexter,Maine
Devon,New Hampshire
Dee,Ohio
Cornelius,Tennessee
Clay,Georgia
Carolina,New York
Bradford,New Jersey
Susanne,Rhode Island
Saul,New Hampshire
Roman,Ohio
Randal,Massachusetts
Ola,Georgia
Moses,Rhode Island
Mollie,Maine
Mickey,Virginia
Maribel,Kentucky
Louie,Kentucky
Kendall,Ohio
Janine,Mississippi
Irvin,Pennsylvania
Darin,North Carolina
Amos,Vermont
Alisa,Iowa
Winston,New York
Timmy,Florida
Susana,Vermont
Rachelle,South Carolina
Petra,Connecticut
Paige,Delaware
Micah,West Virginia
Marlon,Kentucky
Leola,Lousiana
Keisha,Virginia
Joni,New Hampshire
Jolene,North Carolina
Jocelyn,Maine
Jerald,Vermont
Isabelle,Iowa
Imogene,Ohio
Graciela,Lousiana
Ester,Florida
Emmett,New York
Emilio,South Carolina
Emil,Mississippi
Emanuel,Iowa
Elise,Connecticut
Elijah,Pennsylvania
Edmond,Delaware
Dominick,Alabama
Domingo,Tennessee
Darrin,South Carolina
Daphne,Tennessee
Cecile,Vermont
Brendan,West Virginia
Boyd,Maine
Bette,Georgia
Alta,Maine
Abel,Delaware
Will,New Hampshire
Ursula,Lousiana
Trent,Virginia
Tonia,Ohio
Teddy,Florida
Stephan,Florida
Sondra,Lousiana
Shana,Maryland
Rosalind,Lousiana
Reynaldo,Virginia
Otto,New York
Mayra,West Virginia
Marisol,West Virginia
Marisa,Virginia
Logan,Kentucky
Lizzie,Connecticut
Lacey,West Virginia
Kirsten,Kentucky
Keri,Mississippi
Jess,Kentucky
Jayne,Mississippi
Jaclyn,Lousiana
Humberto,New Jersey
Gracie,Massachusetts
Glenna,Tennessee
Gabriela,New York
Emmanuel,Ohio
Dewayne,Mississippi
Demetrius,Maine
Clarice,West Virginia
Charity,Georgia
Carmela,North Carolina
Bret,Mississippi
Beatriz,Florida
Adeline,New Jersey
Young,Tennessee
Vicente,Tennessee
Summer,South Carolina
Staci,Mississippi
Sheena,New York
Shauna,Iowa
Sammie,Delaware
Royce,Vermont
Rodger,New Hampshire
Millie,Mississippi
Miles,Delaware
Margret,Massachusetts
Luella,West Virginia
Lily,Rhode Island
Lea,New Hampshire
Lamont,Delaware
Katharine,Florida
Justine,Rhode Island
Jodie,Florida
Jeanine,South Carolina
Heath,North Carolina
Harley,Maine
Garland,Connecticut
Gabrielle,Rhode Island
Frieda,Georgia
Ethan,Rhode Island
Elma,Alabama
Eldon,Kentucky
Efrain,West Virginia
Claudette,West Virginia
Christi,Lousiana
Cathleen,New York
Autumn,Delaware
Angeline,Pennsylvania
Angelia,New York
Winnie,Kentucky
Willa,Alabama
Sybil,Rhode Island
Sterling,Tennessee
Socorro,Maryland
Selma,Connecticut
Rocky,Maryland
Pierre,North Carolina
Mavis,Alabama
Martina,New Jersey
Maritza,Iowa
Margo,Kentucky
Marcy,Kentucky
Manuela,Iowa
Luisa,Ohio
Lucile,Virginia
Lorie,Maryland
Leanne,North Carolina
Lara,Georgia
Ladonna,Tennessee
Junior,Maine
Jeannine,Alabama
Ivy,Pennsylvania
Grover,Florida
Gerry,Virginia
Freddy,Florida
Elton,Delaware
Eli,New Hampshire
Dylan,Alabama
Dolly,Florida
Deana,Kentucky
Damian,Ohio
Cleveland,New York
Chuck,West Virginia
Chase,Kentucky
Callie,Maine
Bryce,Kentucky
Bobbi,Iowa
Antoine,Tennessee
Aileen,Iowa
Abby,Delaware
Virgie,Maine
Sydney,New York
Stan,Tennessee
Simone,Maryland
Russel,Delaware
Reuben,New York
Randi,Pennsylvania
Quentin,Virginia
Ofelia,Kentucky
Murray,Massachusetts
Monte,Florida
Meagan,Delaware
Matilda,Pennsylvania
Magdalena,Georgia
Leonardo,Alabama
Leila,Tennessee
Leann,Alabama
Latisha,New York
Kasey,New Jersey
Jeri,Rhode Island
Jasper,Maine
Hans,Alabama
Georgina,New Hampshire
Erwin,New Jersey
Ernie,North Carolina
Eliza,Maryland
Curt,West Virginia
Cruz,New York
Cornelia,Delaware
Bridgette,Delaware
Blaine,Delaware
Bianca,Iowa
Bettye,Kentucky
Benito,Alabama
Barbra,Alabama
August,Maryland
Audra,Kentucky
Agustin,Iowa
Wilfredo,Iowa
Vance,West Virginia
Valarie,Iowa
Tyson,New York
Tia,Vermont
Terrie,Iowa
Son,Iowa
Sharron,West Virginia
Ruthie,Lousiana
Rosalyn,New Jersey
Rhoda,New Jersey
Rae,Massachusetts
Nola,Maine
Nelda,Mississippi
Minerva,Georgia
Michel,Kentucky
Mia,New York
Lilly,New Hampshire
Lidia,North Carolina
Letha,Florida
Lenore,South Carolina
Joaquin,New Jersey
Jarrod,Rhode Island
Jami,Connecticut
Jamal,Pennsylvania
Ila,Florida
Hilary,Lousiana
Harrison,Rhode Island
Harlan,Maryland
Haley,Kentucky
Greta,Massachusetts
Gregorio,Mississippi
Flossie,Virginia
Estela,Vermont
Ericka,New Jersey
Elnora,Pennsylvania
Elliott,Connecticut
Elliot,Mississippi
Earline,Virginia
Dona,Tennessee
Desmond,New Jersey
Denis,South Carolina
Darwin,Vermont
Damien,New Jersey
Corrine,Virginia
Concepcion,Pennsylvania
Clarissa,New Hampshire
Chandra,Alabama
Catalina,West Virginia
Burton,Massachusetts
Buddy,Rhode Island
Brianna,Alabama
Brady,Pennsylvania
Bernadine,South Carolina
Bart,Georgia
Ava,New Hampshire
Ariel,Massachusetts
Ali,Pennsylvania
Alexandria,Iowa
Adolfo,Maryland
Adela,Lousiana
Zelma,Virginia
Yong,Delaware
Xavier,Massachusetts
Williams,Ohio
Tania,Tennessee
Tameka,Kentucky
Tabatha,Maine
Solomon,Connecticut
Sofia,Massachusetts
Serena,West Virginia
Scotty,South Carolina
Saundra,Vermont
Roscoe,South Carolina
Rory,New York
Rod,Mississippi
Rob,South Carolina
Quinton,Iowa
Penelope,Florida
Pearlie,South Carolina
Odessa,South Carolina
Odell,New Hampshire
Noreen,Maine
Norbert,Iowa
Nolan,Tennessee
Neva,Kentucky
Nannie,Georgia
Moises,Pennsylvania
Milagros,Tennessee
Melisa,Rhode Island
Marylou,Tennessee
Marlin,Georgia
Malinda,Vermont
Loraine,Maryland
Lacy,Kentucky
Kermit,New Hampshire
Kendrick,Maine
Karina,Alabama
Jeanie,New Jersey
Hillary,Florida
Harriett,Vermont
Hal,New Hampshire
Eve,Tennessee
Esteban,Maryland
Esmeralda,Mississippi
Emilia,Maryland
Elwood,Massachusetts
Elvin,Virginia
Darius,Connecticut
Brain,Georgia
Blair,New Hampshire
Benita,South Carolina
Avis,Pennsylvania
Ashlee,Rhode Island
Anton,Virginia
Amie,Mississippi
Alva,Delaware
Allyson,Mississippi
Allie,Maryland
Thurman,Maine
Thaddeus,Georgia
Tanisha,Georgia
Selena,Massachusetts
Rusty,Pennsylvania
Rosalinda,Kentucky
Rickie,Tennessee
Reggie,Delaware
Raphael,Massachusetts
Noemi,Alabama
Nita,New York
Ned,Massachusetts
Monty,New York
Mason,South Carolina
Marcie,Vermont
Marcel,Tennessee
Mallory,Connecticut
Louisa,New York
Lorrie,West Virginia
Liza,West Virginia
Lilia,Alabama
Katy,New York
Julianne,Alabama
Joesph,Virginia
Jerri,Florida
Jeffry,New York
Jackson,Mississippi
Graham,Florida
Gay,Delaware
Fidel,Georgia
Fabian,South Carolina
Elisha,Ohio
Elinor,Delaware
Earnestine,North Carolina
Earlene,Florida
Darcy,Lousiana
Dane,Vermont
Cliff,Mississippi
Clare,New York
Carmella,Lousiana
Carlene,Maryland
Bryon,Massachusetts
Avery,Maryland
Armand,North Carolina
Annabelle,Alabama
Alvaro,Lousiana
Althea,Vermont
Alejandra,Alabama
Alana,Maryland
Yesenia,Georgia
Wiley,Lousiana
Vaughn,Florida
Valeria,Rhode Island
Ty,Connecticut
Trinidad,Alabama
Tammi,Ohio
Suzette,Iowa
Roxie,Lousiana
Roslyn,Tennessee
Rodrigo,Lousiana
Rocco,Lousiana
Rigoberto,Maryland
Ophelia,Kentucky
Numbers,New York
Norris,North Carolina
Nona,Vermont
Noe,New York
Nanette,Massachusetts
Nadia,Connecticut
Mitzi,Connecticut
Millard,Massachusetts
Melva,Mississippi
Maryanne,Maine
Maricela,Iowa
Mari,Georgia
Margery,Mississippi
Madge,New Hampshire
Luann,Massachusetts
Loyd,Iowa
Lina,Connecticut
Lilian,Georgia
Lawanda,Georgia
Lavonne,Alabama
Lavern,Kentucky
Lane,South Carolina
Lakisha,Virginia
Kirby,Massachusetts
Kenya,New Jersey
Kaye,Mississippi
Kathrine,Georgia
Kathie,Maine
Juliana,Maryland
Ivory,North Carolina
Isaiah,North Carolina
Ilene,Vermont
Hollis,Maine
Gus,Rhode Island
Gonzalo,Virginia
Georgette,Massachusetts
Fran,Iowa
Evangeline,North Carolina
Edwina,Alabama
Dollie,West Virginia
Dion,New York
Diego,Massachusetts
Derick,Vermont
Denny,Georgia
Deanne,Delaware
Corine,Vermont
Colette,Rhode Island
Claudine,Georgia
Clair,Kentucky
Chrystal,Connecticut
Chong,New York
Charmaine,Iowa
Alphonso,North Carolina
Alissa,Maryland
Aline,Rhode Island
Adolph,New Jersey
Wendi,Massachusetts
Ward,Pennsylvania
Vince,Rhode Island
Vilma,Tennessee
Vern,Alabama
Ulysses,New Hampshire
